"","number","player","yr","pos","ht","b_t","app","gs","era","ip","cg","h","r","er","bb","so","sho","bf","p_oab","x2b_a","x3b_a","bk","hr_a","wp","hb","ibb","inh_run","inh_run_score","sha","sfa","pitches","go","fo","w","l","sv","kl","pickoffs","AB","BAA","team_id","year"
"1","26","Brandon McSorley","Sr","P","6-4","R/R",2,NA,0,2.1,NA,1,NA,NA,NA,3,NA,9,"9",NA,NA,NA,NA,1,NA,NA,NA,NA,NA,NA,"20",1,3,NA,NA,NA,1,NA,NA,NA,597157,2025
"2","Succ-Opp against Leadoff Batter","Brandon McSorley","Sr","P","6-4","R/R",NA,NA,0,0.1,NA,0,0,0,0,1,NA,2,"2",NA,NA,NA,NA,NA,NA,NA,NA,NA,NA,NA,"",NA,NA,NA,NA,NA,NA,NA,NA,NA,597157,2025
"3","Hits-AB with runners ob","Brandon McSorley","Sr","P","6-4","R/R",NA,NA,0,1.1,NA,1,0,0,0,2,NA,5,"5",NA,NA,NA,NA,1,NA,NA,NA,NA,NA,NA,"",NA,2,NA,NA,NA,1,NA,NA,NA,597157,2025
"4","Hits-AB vs lhb","Brandon McSorley","Sr","P","6-4","R/R",NA,NA,0,0.1,NA,0,0,0,0,0,NA,1,"1",NA,NA,NA,NA,NA,NA,NA,NA,NA,NA,NA,"",NA,1,NA,NA,NA,NA,NA,NA,NA,597157,2025
"5","Hits-AB w2outs","Brandon McSorley","Sr","P","6-4","R/R",NA,NA,NA,NA,NA,0,NA,NA,NA,NA,NA,NA,"2",NA,NA,NA,NA,NA,NA,NA,NA,NA,NA,NA,"",NA,NA,NA,NA,NA,NA,NA,NA,NA,597157,2025
"6","Bases Empty","Brandon McSorley","Sr","P","6-4","R/R",NA,NA,0,1,NA,0,0,0,0,1,NA,4,"4",NA,NA,NA,NA,NA,NA,NA,NA,NA,NA,NA,"",1,1,NA,NA,NA,NA,NA,NA,NA,597157,2025
"7","H-AB scorepos","Brandon McSorley","Sr","P","6-4","R/R",NA,NA,0,1.1,NA,0,0,0,0,2,NA,4,"4",NA,NA,NA,NA,1,NA,NA,NA,NA,NA,NA,"",NA,2,NA,NA,NA,1,NA,NA,NA,597157,2025
"8","H-AB scorepos2","Brandon McSorley","Sr","P","6-4","R/R",NA,NA,0,0.1,NA,0,0,0,0,1,NA,1,"1",NA,NA,NA,NA,1,NA,NA,NA,NA,NA,NA,"",NA,NA,NA,NA,NA,1,NA,NA,NA,597157,2025
"9","H-AB runners2","Brandon McSorley","Sr","P","6-4","R/R",NA,NA,0,0.1,NA,0,0,0,0,1,NA,1,"1",NA,NA,NA,NA,1,NA,NA,NA,NA,NA,NA,"",NA,NA,NA,NA,NA,1,NA,NA,NA,597157,2025
"10","Hits-AB vs rhb","Brandon McSorley","Sr","P","6-4","R/R",NA,NA,0,2,NA,1,0,0,0,3,NA,8,"8",NA,NA,NA,NA,1,NA,NA,NA,NA,NA,NA,"",1,2,NA,NA,NA,1,NA,NA,NA,597157,2025
"11","14","Nicholas Cannata","Sr","P","-","R/R",11,7,5.96,22.2,NA,30,20,15,8,22,NA,115,"92",5,4,NA,1,1,10,NA,NA,NA,1,4,"396",21,17,NA,2,NA,4,3,NA,NA,597157,2025
"12","Succ-Opp against Leadoff Batter","Nicholas Cannata","Sr","P","-","R/R",NA,NA,0,3.1,NA,7,0,0,2,6,NA,25,"20",1,1,NA,1,NA,3,NA,NA,NA,NA,NA,"",2,2,NA,NA,NA,NA,NA,NA,NA,597157,2025
"13","Hits-AB with runners ob","Nicholas Cannata","Sr","P","-","R/R",NA,NA,0,17.2,NA,19,0,0,2,14,NA,78,"70",3,2,NA,NA,1,5,NA,NA,NA,NA,NA,"",13,15,NA,NA,NA,4,NA,NA,NA,597157,2025
"14","Hits-AB vs lhb","Nicholas Cannata","Sr","P","-","R/R",NA,NA,0,2.1,NA,8,0,0,1,3,NA,15,"14",1,3,NA,NA,NA,NA,NA,NA,NA,NA,NA,"",1,1,NA,NA,NA,NA,NA,NA,NA,597157,2025
"15","Hits-AB w2outs","Nicholas Cannata","Sr","P","-","R/R",NA,NA,NA,NA,NA,9,NA,NA,NA,NA,NA,NA,"27",NA,NA,NA,NA,NA,NA,NA,NA,NA,NA,NA,"",NA,NA,NA,NA,NA,NA,NA,NA,NA,597157,2025
"16","Bases Empty","Nicholas Cannata","Sr","P","-","R/R",NA,NA,0,5,NA,11,0,0,6,8,NA,40,"29",2,2,NA,1,NA,5,NA,NA,NA,NA,NA,"",5,2,NA,NA,NA,NA,NA,NA,NA,597157,2025
"17","H-AB scorepos","Nicholas Cannata","Sr","P","-","R/R",NA,NA,0,10,NA,14,0,0,1,7,NA,47,"44",1,2,NA,NA,NA,2,NA,NA,NA,NA,NA,"",6,11,NA,NA,NA,1,NA,NA,NA,597157,2025
"18","H-AB scorepos2","Nicholas Cannata","Sr","P","-","R/R",NA,NA,0,4.1,NA,7,0,0,0,3,NA,19,"19",1,NA,NA,NA,NA,NA,NA,NA,NA,NA,NA,"",5,3,NA,NA,NA,NA,NA,NA,NA,597157,2025
"19","H-AB runners2","Nicholas Cannata","Sr","P","-","R/R",NA,NA,0,6,NA,9,0,0,0,4,NA,27,"26",2,NA,NA,NA,NA,1,NA,NA,NA,NA,NA,"",8,3,NA,NA,NA,NA,NA,NA,NA,597157,2025
"20","H-AB bases loaded","Nicholas Cannata","Sr","P","-","R/R",NA,NA,0,1.2,NA,1,0,0,0,2,NA,6,"5",NA,NA,NA,NA,NA,1,NA,NA,NA,NA,NA,"",NA,1,NA,NA,NA,NA,NA,NA,NA,597157,2025
"21","Hits-AB vs rhb","Nicholas Cannata","Sr","P","-","R/R",NA,NA,0,19.2,NA,22,0,0,7,18,NA,101,"83",4,1,NA,1,1,10,NA,NA,NA,NA,NA,"",17,15,NA,NA,NA,3,NA,NA,NA,597157,2025
"22","1","Pat Hart","Sr","P","-","R/R",8,NA,5.4,10,NA,12,6,6,6,2,NA,46,"38",2,1,NA,2,NA,2,NA,NA,NA,NA,NA,"108",17,7,NA,NA,NA,2,NA,NA,NA,597157,2025
"23","Succ-Opp against Leadoff Batter","Pat Hart","Sr","P","-","R/R",NA,NA,0,1.1,NA,3,0,0,2,1,NA,9,"7",NA,1,NA,1,NA,NA,NA,NA,NA,NA,NA,"",2,1,NA,NA,NA,1,NA,NA,NA,597157,2025
"24","Hits-AB with runners ob","Pat Hart","Sr","P","-","R/R",NA,NA,0,6.1,NA,5,0,0,2,0,NA,25,"22",1,NA,NA,NA,NA,1,NA,NA,NA,NA,NA,"",11,4,NA,NA,NA,NA,NA,NA,NA,597157,2025
"25","Hits-AB vs lhb","Pat Hart","Sr","P","-","R/R",NA,NA,NA,0,NA,1,0,0,0,0,NA,1,"1",NA,NA,NA,1,NA,NA,NA,NA,NA,NA,NA,"",NA,NA,NA,NA,NA,NA,NA,NA,NA,597157,2025
"26","Hits-AB w2outs","Pat Hart","Sr","P","-","R/R",NA,NA,NA,NA,NA,4,NA,NA,NA,NA,NA,NA,"14",NA,NA,NA,NA,NA,NA,NA,NA,NA,NA,NA,"",NA,NA,NA,NA,NA,NA,NA,NA,NA,597157,2025
"27","Bases Empty","Pat Hart","Sr","P","-","R/R",NA,NA,0,3.2,NA,7,0,0,4,2,NA,23,"18",1,1,NA,2,NA,1,NA,NA,NA,NA,NA,"",6,3,NA,NA,NA,2,NA,NA,NA,597157,2025
"28","H-AB scorepos","Pat Hart","Sr","P","-","R/R",NA,NA,0,3,NA,3,0,0,2,0,NA,13,"11",1,NA,NA,NA,NA,NA,NA,NA,NA,NA,NA,"",7,1,NA,NA,NA,NA,NA,NA,NA,597157,2025
"29","H-AB scorepos2","Pat Hart","Sr","P","-","R/R",NA,NA,0,1,NA,2,0,0,2,0,NA,7,"5",1,NA,NA,NA,NA,NA,NA,NA,NA,NA,NA,"",3,NA,NA,NA,NA,NA,NA,NA,NA,597157,2025
"30","H-AB runners2","Pat Hart","Sr","P","-","R/R",NA,NA,0,2.1,NA,2,0,0,2,0,NA,11,"9",1,NA,NA,NA,NA,NA,NA,NA,NA,NA,NA,"",6,1,NA,NA,NA,NA,NA,NA,NA,597157,2025
"31","H-AB bases loaded","Pat Hart","Sr","P","-","R/R",NA,NA,0,0.1,NA,0,0,0,0,0,NA,1,"1",NA,NA,NA,NA,NA,NA,NA,NA,NA,NA,NA,"",1,NA,NA,NA,NA,NA,NA,NA,NA,597157,2025
"32","Hits-AB vs rhb","Pat Hart","Sr","P","-","R/R",NA,NA,0,6.1,NA,7,0,0,4,2,NA,29,"24",1,1,NA,1,NA,1,NA,NA,NA,NA,NA,"",10,5,NA,NA,NA,2,NA,NA,NA,597157,2025
"33","10","John Connolly","Sr","P","-","R/R",12,10,3.14,51.2,NA,46,18,18,27,46,NA,227,"193",9,1,3,3,3,5,NA,NA,NA,1,1,"843",50,50,6,NA,NA,14,NA,NA,NA,597157,2025
"34","Succ-Opp against Leadoff Batter","John Connolly","Sr","P","-","R/R",NA,NA,0,11.1,NA,11,0,0,6,11,NA,52,"45",2,NA,NA,1,NA,1,NA,NA,NA,NA,NA,"",14,9,NA,NA,NA,4,NA,NA,NA,597157,2025
"35","Hits-AB with runners ob","John Connolly","Sr","P","-","R/R",NA,NA,0,29.1,NA,20,0,0,10,24,NA,115,"102",4,1,3,NA,3,1,NA,NA,NA,NA,NA,"",26,28,NA,NA,NA,7,NA,NA,NA,597157,2025
"36","Hits-AB vs lhb","John Connolly","Sr","P","-","R/R",NA,NA,0,8.2,NA,7,0,0,4,3,NA,36,"32",3,NA,NA,NA,2,NA,NA,NA,NA,NA,NA,"",13,9,NA,NA,NA,2,NA,NA,NA,597157,2025
"37","Hits-AB w2outs","John Connolly","Sr","P","-","R/R",NA,NA,NA,NA,NA,12,NA,NA,NA,NA,NA,NA,"58",NA,NA,NA,NA,NA,NA,NA,NA,NA,NA,NA,"",NA,NA,NA,NA,NA,NA,NA,NA,NA,597157,2025
"38","Bases Empty","John Connolly","Sr","P","-","R/R",NA,NA,0,22.1,NA,26,0,0,17,22,NA,115,"94",5,NA,NA,3,NA,4,NA,NA,NA,NA,NA,"",23,22,NA,NA,NA,7,NA,NA,NA,597157,2025
"39","H-AB scorepos","John Connolly","Sr","P","-","R/R",NA,NA,0,15.2,NA,11,0,0,3,11,NA,57,"52",2,1,3,NA,2,NA,NA,NA,NA,NA,NA,"",13,16,NA,NA,NA,4,NA,NA,NA,597157,2025
"40","H-AB scorepos2","John Connolly","Sr","P","-","R/R",NA,NA,0,6.1,NA,3,0,0,2,4,NA,24,"22",1,1,1,NA,NA,NA,NA,NA,NA,NA,NA,"",5,9,NA,NA,NA,2,NA,NA,NA,597157,2025
"41","H-AB runners2","John Connolly","Sr","P","-","R/R",NA,NA,0,11.2,NA,6,0,0,6,9,NA,47,"41",2,1,1,NA,NA,NA,NA,NA,NA,NA,NA,"",12,12,NA,NA,NA,4,NA,NA,NA,597157,2025
"42","H-AB bases loaded","John Connolly","Sr","P","-","R/R",NA,NA,0,1,NA,1,0,0,0,0,NA,5,"5",NA,NA,NA,NA,NA,NA,NA,NA,NA,NA,NA,"",2,1,NA,NA,NA,NA,NA,NA,NA,597157,2025
"43","Hits-AB vs rhb","John Connolly","Sr","P","-","R/R",NA,NA,0,43,NA,39,0,0,23,43,NA,194,"164",6,1,3,3,1,5,NA,NA,NA,NA,NA,"",36,41,NA,NA,NA,12,NA,NA,NA,597157,2025
"44","39","Foch Lovejoy","Sr","P","-","R/R",1,NA,0,1,NA,1,NA,NA,1,1,NA,5,"4",NA,NA,NA,NA,NA,NA,NA,NA,NA,NA,NA,"22",1,1,NA,NA,NA,NA,NA,NA,NA,597157,2025
"45","Succ-Opp against Leadoff Batter","Foch Lovejoy","Sr","P","-","R/R",NA,NA,0,0.1,NA,0,0,0,0,1,NA,1,"1",NA,NA,NA,NA,NA,NA,NA,NA,NA,NA,NA,"",NA,NA,NA,NA,NA,NA,NA,NA,NA,597157,2025
"46","Hits-AB with runners ob","Foch Lovejoy","Sr","P","-","R/R",NA,NA,0,0.2,NA,0,0,0,1,0,NA,3,"2",NA,NA,NA,NA,NA,NA,NA,NA,NA,NA,NA,"",1,1,NA,NA,NA,NA,NA,NA,NA,597157,2025
"47","Hits-AB w2outs","Foch Lovejoy","Sr","P","-","R/R",NA,NA,NA,NA,NA,0,NA,NA,NA,NA,NA,NA,"1",NA,NA,NA,NA,NA,NA,NA,NA,NA,NA,NA,"",NA,NA,NA,NA,NA,NA,NA,NA,NA,597157,2025
"48","Bases Empty","Foch Lovejoy","Sr","P","-","R/R",NA,NA,0,0.1,NA,1,0,0,0,1,NA,2,"2",NA,NA,NA,NA,NA,NA,NA,NA,NA,NA,NA,"",NA,NA,NA,NA,NA,NA,NA,NA,NA,597157,2025
"49","H-AB scorepos","Foch Lovejoy","Sr","P","-","R/R",NA,NA,0,0.2,NA,0,0,0,0,0,NA,2,"2",NA,NA,NA,NA,NA,NA,NA,NA,NA,NA,NA,"",1,1,NA,NA,NA,NA,NA,NA,NA,597157,2025
"50","H-AB scorepos2","Foch Lovejoy","Sr","P","-","R/R",NA,NA,0,0.1,NA,0,0,0,0,0,NA,1,"1",NA,NA,NA,NA,NA,NA,NA,NA,NA,NA,NA,"",1,NA,NA,NA,NA,NA,NA,NA,NA,597157,2025
"51","H-AB runners2","Foch Lovejoy","Sr","P","-","R/R",NA,NA,0,0.1,NA,0,0,0,0,0,NA,1,"1",NA,NA,NA,NA,NA,NA,NA,NA,NA,NA,NA,"",1,NA,NA,NA,NA,NA,NA,NA,NA,597157,2025
"52","Hits-AB vs rhb","Foch Lovejoy","Sr","P","-","R/R",NA,NA,0,1,NA,1,0,0,1,1,NA,5,"4",NA,NA,NA,NA,NA,NA,NA,NA,NA,NA,NA,"",1,1,NA,NA,NA,NA,NA,NA,NA,597157,2025
"53","12","Jacob Nolan","Sr","P","-","R/R",1,NA,81,0.1,NA,3,5,3,1,NA,NA,6,"5",NA,NA,2,NA,NA,NA,NA,NA,NA,NA,NA,"24",1,NA,NA,NA,NA,NA,NA,NA,NA,597157,2025
"54","Succ-Opp against Leadoff Batter","Jacob Nolan","Sr","P","-","R/R",NA,NA,NA,0,NA,1,0,0,0,0,NA,1,"1",NA,NA,NA,NA,NA,NA,NA,NA,NA,NA,NA,"",NA,NA,NA,NA,NA,NA,NA,NA,NA,597157,2025
"55","Hits-AB with runners ob","Jacob Nolan","Sr","P","-","R/R",NA,NA,0,0.1,NA,2,0,0,1,0,NA,5,"4",NA,NA,2,NA,NA,NA,NA,NA,NA,NA,NA,"",1,NA,NA,NA,NA,NA,NA,NA,NA,597157,2025
"56","Bases Empty","Jacob Nolan","Sr","P","-","R/R",NA,NA,NA,0,NA,1,0,0,0,0,NA,1,"1",NA,NA,NA,NA,NA,NA,NA,NA,NA,NA,NA,"",NA,NA,NA,NA,NA,NA,NA,NA,NA,597157,2025
"57","H-AB scorepos","Jacob Nolan","Sr","P","-","R/R",NA,NA,0,0.1,NA,2,0,0,1,0,NA,4,"3",NA,NA,2,NA,NA,NA,NA,NA,NA,NA,NA,"",1,NA,NA,NA,NA,NA,NA,NA,NA,597157,2025
"58","Hits-AB vs rhb","Jacob Nolan","Sr","P","-","R/R",NA,NA,0,0.1,NA,3,0,0,1,0,NA,6,"5",NA,NA,2,NA,NA,NA,NA,NA,NA,NA,NA,"",1,NA,NA,NA,NA,NA,NA,NA,NA,597157,2025
"59","50","Chris Jenkins","Sr","P","-","R/R",21,NA,0.62,43.1,NA,23,8,3,14,36,NA,171,"142",4,NA,NA,NA,2,11,NA,NA,NA,1,3,"631",38,42,2,1,3,11,NA,NA,NA,597157,2025
"60","Succ-Opp against Leadoff Batter","Chris Jenkins","Sr","P","-","R/R",NA,NA,0,10,NA,7,0,0,3,9,NA,42,"38",1,NA,NA,NA,NA,1,NA,NA,NA,NA,NA,"",11,8,NA,NA,NA,3,NA,NA,NA,597157,2025
"61","Hits-AB with runners ob","Chris Jenkins","Sr","P","-","R/R",NA,NA,0,21.2,NA,6,0,0,8,15,NA,81,"64",3,NA,NA,NA,2,8,NA,NA,NA,NA,NA,"",18,20,NA,NA,NA,4,NA,NA,NA,597157,2025
"62","Hits-AB vs lhb","Chris Jenkins","Sr","P","-","R/R",NA,NA,0,6,NA,7,0,0,5,3,NA,28,"22",1,NA,NA,NA,NA,1,NA,NA,NA,NA,NA,"",3,9,NA,NA,NA,1,NA,NA,NA,597157,2025
"63","Hits-AB w2outs","Chris Jenkins","Sr","P","-","R/R",NA,NA,NA,NA,NA,5,NA,NA,NA,NA,NA,NA,"46",NA,NA,NA,NA,NA,NA,NA,NA,NA,NA,NA,"",NA,NA,NA,NA,NA,NA,NA,NA,NA,597157,2025
"64","Bases Empty","Chris Jenkins","Sr","P","-","R/R",NA,NA,0,21.2,NA,17,0,0,6,21,NA,93,"84",1,NA,NA,NA,NA,3,NA,NA,NA,NA,NA,"",19,22,NA,NA,NA,7,NA,NA,NA,597157,2025
"65","H-AB scorepos","Chris Jenkins","Sr","P","-","R/R",NA,NA,0,12.1,NA,2,0,0,5,11,NA,45,"36",1,NA,NA,NA,2,4,NA,NA,NA,NA,NA,"",8,11,NA,NA,NA,3,NA,NA,NA,597157,2025
"66","H-AB scorepos2","Chris Jenkins","Sr","P","-","R/R",NA,NA,0,5.2,NA,2,0,0,3,8,NA,25,"20",1,NA,NA,NA,1,2,NA,NA,NA,NA,NA,"",3,4,NA,NA,NA,3,NA,NA,NA,597157,2025
"67","H-AB runners2","Chris Jenkins","Sr","P","-","R/R",NA,NA,0,8.2,NA,2,0,0,4,10,NA,38,"30",1,NA,NA,NA,1,4,NA,NA,NA,NA,NA,"",5,8,NA,NA,NA,3,NA,NA,NA,597157,2025
"68","H-AB bases loaded","Chris Jenkins","Sr","P","-","R/R",NA,NA,0,1.1,NA,0,0,0,0,2,NA,3,"3",NA,NA,NA,NA,NA,NA,NA,NA,NA,NA,NA,"",1,NA,NA,NA,NA,NA,NA,NA,NA,597157,2025
"69","Hits-AB vs rhb","Chris Jenkins","Sr","P","-","R/R",NA,NA,0,36,NA,16,0,0,9,32,NA,142,"122",3,NA,NA,NA,1,10,NA,NA,NA,NA,NA,"",34,30,NA,NA,NA,10,NA,NA,NA,597157,2025
"70","22","Brady Stuart","Jr","P","-","R/R",11,4,2.8,35.1,NA,32,12,11,17,38,NA,152,"129",3,NA,NA,1,2,2,NA,NA,NA,1,3,"599",34,27,3,NA,3,10,NA,NA,NA,597157,2025
"71","Succ-Opp against Leadoff Batter","Brady Stuart","Jr","P","-","R/R",NA,NA,0,6.2,NA,7,0,0,4,9,NA,34,"30",1,NA,NA,NA,2,NA,NA,NA,NA,NA,NA,"",8,5,NA,NA,NA,1,NA,NA,NA,597157,2025
"72","Hits-AB with runners ob","Brady Stuart","Jr","P","-","R/R",NA,NA,0,21.2,NA,16,0,0,7,22,NA,83,"72",1,NA,NA,1,NA,2,NA,NA,NA,NA,NA,"",19,13,NA,NA,NA,6,NA,NA,NA,597157,2025
"73","Hits-AB vs lhb","Brady Stuart","Jr","P","-","R/R",NA,NA,0,6,NA,7,0,0,2,8,NA,30,"26",NA,NA,NA,1,NA,2,NA,NA,NA,NA,NA,"",2,8,NA,NA,NA,1,NA,NA,NA,597157,2025
"74","Hits-AB w2outs","Brady Stuart","Jr","P","-","R/R",NA,NA,NA,NA,NA,12,NA,NA,NA,NA,NA,NA,"39",NA,NA,NA,NA,NA,NA,NA,NA,NA,NA,NA,"",NA,NA,NA,NA,NA,NA,NA,NA,NA,597157,2025
"75","Bases Empty","Brady Stuart","Jr","P","-","R/R",NA,NA,0,13.2,NA,16,0,0,10,16,NA,70,"60",2,NA,NA,NA,2,NA,NA,NA,NA,NA,NA,"",13,14,NA,NA,NA,4,NA,NA,NA,597157,2025
"76","H-AB scorepos","Brady Stuart","Jr","P","-","R/R",NA,NA,0,12.2,NA,8,0,0,2,11,NA,45,"39",1,NA,NA,NA,NA,2,NA,NA,NA,NA,NA,"",13,7,NA,NA,NA,4,NA,NA,NA,597157,2025
"77","H-AB scorepos2","Brady Stuart","Jr","P","-","R/R",NA,NA,0,3.2,NA,3,0,0,0,4,NA,15,"14",1,NA,NA,NA,NA,1,NA,NA,NA,NA,NA,"",3,3,NA,NA,NA,NA,NA,NA,NA,597157,2025
"78","H-AB runners2","Brady Stuart","Jr","P","-","R/R",NA,NA,0,6.1,NA,6,0,0,0,8,NA,26,"25",1,NA,NA,1,NA,1,NA,NA,NA,NA,NA,"",6,4,NA,NA,NA,NA,NA,NA,NA,597157,2025
"79","H-AB bases loaded","Brady Stuart","Jr","P","-","R/R",NA,NA,0,4,NA,1,0,0,0,3,NA,10,"10",1,NA,NA,NA,NA,NA,NA,NA,NA,NA,NA,"",3,2,NA,NA,NA,2,NA,NA,NA,597157,2025
"80","Hits-AB vs rhb","Brady Stuart","Jr","P","-","R/R",NA,NA,0,29.1,NA,25,0,0,15,30,NA,123,"106",3,NA,NA,NA,2,NA,NA,NA,NA,NA,NA,"",30,19,NA,NA,NA,9,NA,NA,NA,597157,2025
"81","33","Kyan Bagshaw","Jr","P","-","R/R",14,2,7.43,13.1,NA,10,13,11,16,20,NA,68,"46",1,1,1,2,1,5,NA,NA,NA,NA,1,"301",6,11,1,NA,NA,5,NA,NA,NA,597157,2025
"82","Succ-Opp against Leadoff Batter","Kyan Bagshaw","Jr","P","-","R/R",NA,NA,0,2.1,NA,4,0,0,2,2,NA,14,"11",NA,NA,NA,1,NA,1,NA,NA,NA,NA,NA,"",1,4,NA,NA,NA,NA,NA,NA,NA,597157,2025
"83","Hits-AB with runners ob","Kyan Bagshaw","Jr","P","-","R/R",NA,NA,0,7,NA,3,0,0,12,12,NA,38,"23",NA,1,1,NA,1,3,NA,NA,NA,NA,NA,"",2,4,NA,NA,NA,3,NA,NA,NA,597157,2025
"84","Hits-AB vs lhb","Kyan Bagshaw","Jr","P","-","R/R",NA,NA,0,1.2,NA,0,0,0,4,1,NA,11,"5",NA,NA,NA,NA,NA,2,NA,NA,NA,NA,NA,"",NA,4,NA,NA,NA,1,NA,NA,NA,597157,2025
"85","Hits-AB w2outs","Kyan Bagshaw","Jr","P","-","R/R",NA,NA,NA,NA,NA,3,NA,NA,NA,NA,NA,NA,"16",NA,NA,NA,NA,NA,NA,NA,NA,NA,NA,NA,"",NA,NA,NA,NA,NA,NA,NA,NA,NA,597157,2025
"86","Bases Empty","Kyan Bagshaw","Jr","P","-","R/R",NA,NA,0,6.1,NA,7,0,0,4,8,NA,32,"26",1,NA,NA,2,NA,2,NA,NA,NA,NA,NA,"",4,7,NA,NA,NA,2,NA,NA,NA,597157,2025
"87","H-AB scorepos","Kyan Bagshaw","Jr","P","-","R/R",NA,NA,0,4,NA,1,0,0,9,10,NA,22,"13",NA,1,1,NA,1,NA,NA,NA,NA,NA,NA,"",NA,2,NA,NA,NA,3,NA,NA,NA,597157,2025
"88","H-AB scorepos2","Kyan Bagshaw","Jr","P","-","R/R",NA,NA,0,2,NA,0,0,0,6,5,NA,12,"6",NA,NA,NA,NA,NA,NA,NA,NA,NA,NA,NA,"",NA,1,NA,NA,NA,2,NA,NA,NA,597157,2025
"89","H-AB runners2","Kyan Bagshaw","Jr","P","-","R/R",NA,NA,0,2.2,NA,0,0,0,7,5,NA,16,"8",NA,NA,NA,NA,NA,1,NA,NA,NA,NA,NA,"",1,2,NA,NA,NA,2,NA,NA,NA,597157,2025
"90","H-AB bases loaded","Kyan Bagshaw","Jr","P","-","R/R",NA,NA,0,1.2,NA,0,0,0,2,5,NA,7,"5",NA,NA,NA,NA,NA,NA,NA,NA,NA,NA,NA,"",NA,NA,NA,NA,NA,2,NA,NA,NA,597157,2025
"91","Hits-AB vs rhb","Kyan Bagshaw","Jr","P","-","R/R",NA,NA,0,11.2,NA,10,0,0,12,19,NA,59,"44",1,1,1,2,1,3,NA,NA,NA,NA,NA,"",6,7,NA,NA,NA,4,NA,NA,NA,597157,2025
"92","24","Evan Scully","Jr","P","-","R/R",17,11,2.17,70.2,3,53,19,17,7,49,1,281,"259",14,NA,1,2,2,9,NA,NA,NA,3,3,"868",83,74,10,NA,NA,20,NA,NA,NA,597157,2025
"93","Succ-Opp against Leadoff Batter","Evan Scully","Jr","P","-","R/R",NA,NA,0,16.2,NA,18,0,0,2,7,NA,72,"69",6,NA,NA,1,NA,1,NA,NA,NA,NA,NA,"",20,23,NA,NA,NA,3,NA,NA,NA,597157,2025
"94","Hits-AB with runners ob","Evan Scully","Jr","P","-","R/R",NA,NA,0,29,NA,22,0,0,1,19,NA,114,"106",5,NA,1,1,2,4,NA,NA,NA,NA,NA,"",27,31,NA,NA,NA,8,NA,NA,NA,597157,2025
"95","Hits-AB vs lhb","Evan Scully","Jr","P","-","R/R",NA,NA,0,13.2,NA,15,0,0,2,8,NA,59,"55",3,NA,NA,NA,NA,NA,NA,NA,NA,NA,NA,"",15,18,NA,NA,NA,4,NA,NA,NA,597157,2025
"96","Hits-AB w2outs","Evan Scully","Jr","P","-","R/R",NA,NA,NA,NA,NA,14,NA,NA,NA,NA,NA,NA,"84",NA,NA,NA,NA,NA,NA,NA,NA,NA,NA,NA,"",NA,NA,NA,NA,NA,NA,NA,NA,NA,597157,2025
"97","Bases Empty","Evan Scully","Jr","P","-","R/R",NA,NA,0,41.2,NA,31,0,0,6,30,NA,169,"158",9,NA,NA,1,NA,5,NA,NA,NA,NA,NA,"",52,43,NA,NA,NA,12,NA,NA,NA,597157,2025
"98","H-AB scorepos","Evan Scully","Jr","P","-","R/R",NA,NA,0,14,NA,15,0,0,0,12,NA,64,"59",3,NA,1,NA,2,3,NA,NA,NA,NA,NA,"",15,13,NA,NA,NA,4,NA,NA,NA,597157,2025
"99","H-AB scorepos2","Evan Scully","Jr","P","-","R/R",NA,NA,0,6.1,NA,6,0,0,0,5,NA,27,"27",2,NA,NA,NA,2,NA,NA,NA,NA,NA,NA,"",8,6,NA,NA,NA,1,NA,NA,NA,597157,2025
"100","H-AB runners2","Evan Scully","Jr","P","-","R/R",NA,NA,0,12,NA,8,0,0,0,8,NA,47,"46",2,NA,NA,NA,2,1,NA,NA,NA,NA,NA,"",12,14,NA,NA,NA,4,NA,NA,NA,597157,2025
"101","H-AB bases loaded","Evan Scully","Jr","P","-","R/R",NA,NA,0,1.2,NA,2,0,0,0,1,NA,8,"7",NA,NA,NA,NA,NA,NA,NA,NA,NA,NA,NA,"",2,2,NA,NA,NA,NA,NA,NA,NA,597157,2025
"102","Hits-AB vs rhb","Evan Scully","Jr","P","-","R/R",NA,NA,0,54.2,NA,38,0,0,5,39,NA,217,"203",11,NA,1,2,2,9,NA,NA,NA,NA,NA,"",60,55,NA,NA,NA,16,NA,NA,NA,597157,2025
"103","35","Aaron Blinn","Jr","P","-","R/R",4,NA,9,5,NA,5,5,5,1,8,NA,22,"19",NA,NA,NA,NA,NA,1,NA,NA,NA,NA,1,"55",6,1,NA,NA,NA,4,NA,NA,NA,597157,2025
"104","Succ-Opp against Leadoff Batter","Aaron Blinn","Jr","P","-","R/R",NA,NA,0,1.1,NA,1,0,0,0,2,NA,5,"5",NA,NA,NA,NA,NA,NA,NA,NA,NA,NA,NA,"",2,NA,NA,NA,NA,1,NA,NA,NA,597157,2025
"105","Hits-AB with runners ob","Aaron Blinn","Jr","P","-","R/R",NA,NA,0,1,NA,4,0,0,1,2,NA,9,"7",NA,NA,NA,NA,NA,1,NA,NA,NA,NA,NA,"",NA,1,NA,NA,NA,NA,NA,NA,NA,597157,2025
"106","Hits-AB w2outs","Aaron Blinn","Jr","P","-","R/R",NA,NA,NA,NA,NA,0,NA,NA,NA,NA,NA,NA,"4",NA,NA,NA,NA,NA,NA,NA,NA,NA,NA,NA,"",NA,NA,NA,NA,NA,NA,NA,NA,NA,597157,2025
"107","Bases Empty","Aaron Blinn","Jr","P","-","R/R",NA,NA,0,4,NA,1,0,0,0,6,NA,13,"13",NA,NA,NA,NA,NA,NA,NA,NA,NA,NA,NA,"",6,NA,NA,NA,NA,4,NA,NA,NA,597157,2025
"108","H-AB scorepos","Aaron Blinn","Jr","P","-","R/R",NA,NA,0,1,NA,2,0,0,0,2,NA,6,"5",NA,NA,NA,NA,NA,1,NA,NA,NA,NA,NA,"",NA,1,NA,NA,NA,NA,NA,NA,NA,597157,2025
"109","H-AB runners2","Aaron Blinn","Jr","P","-","R/R",NA,NA,NA,0,NA,0,0,0,1,0,NA,1,"",NA,NA,NA,NA,NA,NA,NA,NA,NA,NA,NA,"",NA,NA,NA,NA,NA,NA,NA,NA,NA,597157,2025
"110","H-AB bases loaded","Aaron Blinn","Jr","P","-","R/R",NA,NA,NA,0,NA,1,0,0,0,0,NA,1,"1",NA,NA,NA,NA,NA,NA,NA,NA,NA,NA,NA,"",NA,NA,NA,NA,NA,NA,NA,NA,NA,597157,2025
"111","Hits-AB vs rhb","Aaron Blinn","Jr","P","-","R/R",NA,NA,0,4.2,NA,2,0,0,0,8,NA,16,"16",NA,NA,NA,NA,NA,NA,NA,NA,NA,NA,NA,"",6,NA,NA,NA,NA,4,NA,NA,NA,597157,2025
"112","11","Charlie Hale","So","P","-","R/R",18,15,2.42,85.2,4,60,29,23,18,92,2,345,"313",9,2,NA,4,1,10,NA,NA,NA,3,1,"1,151",75,83,13,2,1,32,NA,NA,NA,597157,2025
"113","Succ-Opp against Leadoff Batter","Charlie Hale","So","P","-","R/R",NA,NA,0,21.2,NA,13,0,0,7,23,NA,90,"80",4,NA,NA,NA,NA,3,NA,NA,NA,NA,NA,"",22,20,NA,NA,NA,8,NA,NA,NA,597157,2025
"114","Hits-AB with runners ob","Charlie Hale","So","P","-","R/R",NA,NA,0,32.1,NA,30,0,0,6,37,NA,133,"120",2,1,NA,1,1,4,NA,NA,NA,NA,NA,"",19,31,NA,NA,NA,12,NA,NA,NA,597157,2025
"115","Hits-AB vs lhb","Charlie Hale","So","P","-","R/R",NA,NA,0,19.2,NA,13,0,0,3,15,NA,76,"72",1,NA,NA,1,1,1,NA,NA,NA,NA,NA,"",23,17,NA,NA,NA,8,NA,NA,NA,597157,2025
"116","Hits-AB w2outs","Charlie Hale","So","P","-","R/R",NA,NA,NA,NA,NA,23,NA,NA,NA,NA,NA,NA,"105",NA,NA,NA,NA,NA,NA,NA,NA,NA,NA,NA,"",NA,NA,NA,NA,NA,NA,NA,NA,NA,597157,2025
"117","Bases Empty","Charlie Hale","So","P","-","R/R",NA,NA,0,53.1,NA,30,0,0,12,55,NA,214,"196",7,1,NA,3,NA,6,NA,NA,NA,NA,NA,"",53,52,NA,NA,NA,20,NA,NA,NA,597157,2025
"118","H-AB scorepos","Charlie Hale","So","P","-","R/R",NA,NA,0,17,NA,16,0,0,5,24,NA,76,"67",2,NA,NA,1,NA,4,NA,NA,NA,NA,NA,"",7,17,NA,NA,NA,7,NA,NA,NA,597157,2025
"119","H-AB scorepos2","Charlie Hale","So","P","-","R/R",NA,NA,0,8.2,NA,10,0,0,2,12,NA,40,"37",1,NA,NA,NA,NA,1,NA,NA,NA,NA,NA,"",5,9,NA,NA,NA,3,NA,NA,NA,597157,2025
"120","H-AB runners2","Charlie Hale","So","P","-","R/R",NA,NA,0,13,NA,15,0,0,2,17,NA,58,"55",1,NA,NA,NA,NA,1,NA,NA,NA,NA,NA,"",7,14,NA,NA,NA,5,NA,NA,NA,597157,2025
"121","H-AB bases loaded","Charlie Hale","So","P","-","R/R",NA,NA,0,1.1,NA,2,0,0,0,3,NA,7,"6",NA,NA,NA,NA,NA,1,NA,NA,NA,NA,NA,"",1,NA,NA,NA,NA,1,NA,NA,NA,597157,2025
"122","Hits-AB vs rhb","Charlie Hale","So","P","-","R/R",NA,NA,0,64.2,NA,42,0,0,13,76,NA,260,"237",8,1,NA,2,NA,8,NA,NA,NA,NA,NA,"",47,66,NA,NA,NA,24,NA,NA,NA,597157,2025
"123","18","Jake Harmony","So","P","-","R/R",17,NA,3.06,35.1,NA,36,15,12,9,26,NA,153,"140",8,NA,NA,1,2,3,NA,NA,NA,NA,1,"526",41,35,5,1,NA,10,1,NA,NA,597157,2025
"124","Succ-Opp against Leadoff Batter","Jake Harmony","So","P","-","R/R",NA,NA,0,7.2,NA,8,0,0,1,4,NA,33,"32",2,NA,NA,NA,NA,NA,NA,NA,NA,NA,NA,"",14,5,NA,NA,NA,1,NA,NA,NA,597157,2025
"125","Hits-AB with runners ob","Jake Harmony","So","P","-","R/R",NA,NA,0,17.2,NA,18,0,0,5,15,NA,80,"72",6,NA,NA,NA,2,3,NA,NA,NA,NA,NA,"",11,21,NA,NA,NA,3,NA,NA,NA,597157,2025
"126","Hits-AB vs lhb","Jake Harmony","So","P","-","R/R",NA,NA,0,7,NA,5,0,0,2,4,NA,28,"26",1,NA,NA,1,1,NA,NA,NA,NA,NA,NA,"",6,10,NA,NA,NA,1,NA,NA,NA,597157,2025
"127","Hits-AB w2outs","Jake Harmony","So","P","-","R/R",NA,NA,NA,NA,NA,9,NA,NA,NA,NA,NA,NA,"42",NA,NA,NA,NA,NA,NA,NA,NA,NA,NA,NA,"",NA,NA,NA,NA,NA,NA,NA,NA,NA,597157,2025
"128","Bases Empty","Jake Harmony","So","P","-","R/R",NA,NA,0,17.2,NA,18,0,0,4,11,NA,76,"72",2,NA,NA,1,NA,NA,NA,NA,NA,NA,NA,"",28,14,NA,NA,NA,7,NA,NA,NA,597157,2025
"129","H-AB scorepos","Jake Harmony","So","P","-","R/R",NA,NA,0,11.2,NA,9,0,0,4,10,NA,49,"44",3,NA,NA,NA,NA,1,NA,NA,NA,NA,NA,"",8,13,NA,NA,NA,2,NA,NA,NA,597157,2025
"130","H-AB scorepos2","Jake Harmony","So","P","-","R/R",NA,NA,0,5.1,NA,2,0,0,3,4,NA,22,"18",1,NA,NA,NA,NA,1,NA,NA,NA,NA,NA,"",5,6,NA,NA,NA,2,NA,NA,NA,597157,2025
"131","H-AB runners2","Jake Harmony","So","P","-","R/R",NA,NA,0,7,NA,6,0,0,3,5,NA,31,"27",2,NA,NA,NA,1,1,NA,NA,NA,NA,NA,"",5,9,NA,NA,NA,3,NA,NA,NA,597157,2025
"132","H-AB bases loaded","Jake Harmony","So","P","-","R/R",NA,NA,0,2,NA,1,0,0,0,2,NA,7,"7",1,NA,NA,NA,NA,NA,NA,NA,NA,NA,NA,"",1,2,NA,NA,NA,1,NA,NA,NA,597157,2025
"133","Hits-AB vs rhb","Jake Harmony","So","P","-","R/R",NA,NA,0,25.2,NA,29,0,0,5,19,NA,116,"108",6,NA,NA,NA,1,3,NA,NA,NA,NA,NA,"",31,22,NA,NA,NA,9,NA,NA,NA,597157,2025
"134","23","Matt Pappalardo","So","INF","-","R/R",1,NA,20.25,1.1,NA,5,3,3,2,1,NA,11,"9",NA,1,NA,NA,NA,NA,NA,NA,NA,NA,NA,"44",NA,3,NA,NA,NA,1,NA,NA,NA,597157,2025
"135","Succ-Opp against Leadoff Batter","Matt Pappalardo","So","INF","-","R/R",NA,NA,NA,0,NA,1,0,0,0,0,NA,1,"1",NA,NA,NA,NA,NA,NA,NA,NA,NA,NA,NA,"",NA,NA,NA,NA,NA,NA,NA,NA,NA,597157,2025
"136","Hits-AB with runners ob","Matt Pappalardo","So","INF","-","R/R",NA,NA,0,1.1,NA,4,0,0,2,1,NA,10,"8",NA,1,NA,NA,NA,NA,NA,NA,NA,NA,NA,"",NA,3,NA,NA,NA,1,NA,NA,NA,597157,2025
"137","Hits-AB w2outs","Matt Pappalardo","So","INF","-","R/R",NA,NA,NA,NA,NA,2,NA,NA,NA,NA,NA,NA,"3",NA,NA,NA,NA,NA,NA,NA,NA,NA,NA,NA,"",NA,NA,NA,NA,NA,NA,NA,NA,NA,597157,2025
"138","Bases Empty","Matt Pappalardo","So","INF","-","R/R",NA,NA,NA,0,NA,1,0,0,0,0,NA,1,"1",NA,NA,NA,NA,NA,NA,NA,NA,NA,NA,NA,"",NA,NA,NA,NA,NA,NA,NA,NA,NA,597157,2025
"139","H-AB scorepos","Matt Pappalardo","So","INF","-","R/R",NA,NA,0,1.1,NA,3,0,0,2,1,NA,9,"7",NA,1,NA,NA,NA,NA,NA,NA,NA,NA,NA,"",NA,3,NA,NA,NA,1,NA,NA,NA,597157,2025
"140","H-AB scorepos2","Matt Pappalardo","So","INF","-","R/R",NA,NA,0,0.1,NA,2,0,0,1,0,NA,4,"3",NA,1,NA,NA,NA,NA,NA,NA,NA,NA,NA,"",NA,1,NA,NA,NA,NA,NA,NA,NA,597157,2025
"141","H-AB runners2","Matt Pappalardo","So","INF","-","R/R",NA,NA,0,0.1,NA,2,0,0,1,0,NA,4,"3",NA,1,NA,NA,NA,NA,NA,NA,NA,NA,NA,"",NA,1,NA,NA,NA,NA,NA,NA,NA,597157,2025
"142","H-AB bases loaded","Matt Pappalardo","So","INF","-","R/R",NA,NA,NA,0,NA,1,0,0,0,0,NA,1,"1",NA,NA,NA,NA,NA,NA,NA,NA,NA,NA,NA,"",NA,NA,NA,NA,NA,NA,NA,NA,NA,597157,2025
"143","Hits-AB vs rhb","Matt Pappalardo","So","INF","-","R/R",NA,NA,0,1.1,NA,5,0,0,2,1,NA,11,"9",NA,1,NA,NA,NA,NA,NA,NA,NA,NA,NA,"",NA,3,NA,NA,NA,1,NA,NA,NA,597157,2025
"144","47","Derek Roberts","So","P","-","R/R",6,NA,5.4,8.1,NA,9,5,5,1,11,NA,35,"34",1,NA,NA,NA,1,NA,NA,NA,NA,NA,NA,"145",6,6,NA,NA,1,2,NA,NA,NA,597157,2025
"145","Succ-Opp against Leadoff Batter","Derek Roberts","So","P","-","R/R",NA,NA,0,1.1,NA,3,0,0,0,3,NA,8,"8",NA,NA,NA,NA,NA,NA,NA,NA,NA,NA,NA,"",1,NA,NA,NA,NA,1,NA,NA,NA,597157,2025
"146","Hits-AB with runners ob","Derek Roberts","So","P","-","R/R",NA,NA,0,4.2,NA,5,0,0,1,6,NA,20,"19",NA,NA,NA,NA,1,NA,NA,NA,NA,NA,NA,"",1,4,NA,NA,NA,NA,NA,NA,NA,597157,2025
"147","Hits-AB w2outs","Derek Roberts","So","P","-","R/R",NA,NA,NA,NA,NA,1,NA,NA,NA,NA,NA,NA,"9",NA,NA,NA,NA,NA,NA,NA,NA,NA,NA,NA,"",NA,NA,NA,NA,NA,NA,NA,NA,NA,597157,2025
"148","Bases Empty","Derek Roberts","So","P","-","R/R",NA,NA,0,3.2,NA,4,0,0,0,5,NA,16,"16",1,NA,NA,NA,NA,NA,NA,NA,NA,NA,NA,"",4,2,NA,NA,NA,2,NA,NA,NA,597157,2025
"149","H-AB scorepos","Derek Roberts","So","P","-","R/R",NA,NA,0,2.1,NA,3,0,0,0,4,NA,10,"10",NA,NA,NA,NA,1,NA,NA,NA,NA,NA,NA,"",NA,2,NA,NA,NA,NA,NA,NA,NA,597157,2025
"150","H-AB scorepos2","Derek Roberts","So","P","-","R/R",NA,NA,0,1.1,NA,0,0,0,0,4,NA,4,"4",NA,NA,NA,NA,NA,NA,NA,NA,NA,NA,NA,"",NA,NA,NA,NA,NA,NA,NA,NA,NA,597157,2025
"151","H-AB runners2","Derek Roberts","So","P","-","R/R",NA,NA,0,1.1,NA,1,0,0,0,4,NA,6,"6",NA,NA,NA,NA,NA,NA,NA,NA,NA,NA,NA,"",NA,NA,NA,NA,NA,NA,NA,NA,NA,597157,2025
"152","Hits-AB vs rhb","Derek Roberts","So","P","-","R/R",NA,NA,0,8.1,NA,9,0,0,1,11,NA,36,"35",1,NA,NA,NA,1,NA,NA,NA,NA,NA,NA,"",5,6,NA,NA,NA,2,NA,NA,NA,597157,2025
"153","16","Ben Gill","Fr","P","-","R/R",12,NA,3.77,14.1,NA,13,6,6,7,11,NA,63,"50",2,NA,NA,NA,1,2,1,NA,NA,4,NA,"238",18,11,4,NA,NA,5,NA,NA,NA,597157,2025
"154","Succ-Opp against Leadoff Batter","Ben Gill","Fr","P","-","R/R",NA,NA,0,2,NA,4,0,0,2,0,NA,12,"10",1,NA,NA,NA,NA,NA,NA,NA,NA,NA,NA,"",5,1,NA,NA,NA,NA,NA,NA,NA,597157,2025
"155","Hits-AB with runners ob","Ben Gill","Fr","P","-","R/R",NA,NA,0,10,NA,6,0,0,4,7,NA,40,"30",1,NA,NA,NA,1,2,1,NA,NA,NA,NA,"",13,7,NA,NA,NA,4,NA,NA,NA,597157,2025
"156","Hits-AB vs lhb","Ben Gill","Fr","P","-","R/R",NA,NA,0,0.2,NA,3,0,0,0,1,NA,5,"5",2,NA,NA,NA,NA,NA,NA,NA,NA,NA,NA,"",NA,1,NA,NA,NA,1,NA,NA,NA,597157,2025
"157","Hits-AB w2outs","Ben Gill","Fr","P","-","R/R",NA,NA,NA,NA,NA,4,NA,NA,NA,NA,NA,NA,"19",NA,NA,NA,NA,NA,NA,NA,NA,NA,NA,NA,"",NA,NA,NA,NA,NA,NA,NA,NA,NA,597157,2025
"158","Bases Empty","Ben Gill","Fr","P","-","R/R",NA,NA,0,4.1,NA,7,0,0,3,4,NA,23,"20",1,NA,NA,NA,NA,NA,NA,NA,NA,NA,NA,"",5,4,NA,NA,NA,1,NA,NA,NA,597157,2025
"159","H-AB scorepos","Ben Gill","Fr","P","-","R/R",NA,NA,0,7,NA,5,0,0,2,5,NA,29,"24",NA,NA,NA,NA,1,1,1,NA,NA,NA,NA,"",8,7,NA,NA,NA,3,NA,NA,NA,597157,2025
"160","H-AB scorepos2","Ben Gill","Fr","P","-","R/R",NA,NA,0,3.1,NA,2,0,0,2,1,NA,14,"12",NA,NA,NA,NA,NA,NA,1,NA,NA,NA,NA,"",4,5,NA,NA,NA,NA,NA,NA,NA,597157,2025
"161","H-AB runners2","Ben Gill","Fr","P","-","R/R",NA,NA,0,4,NA,3,0,0,2,2,NA,17,"15",1,NA,NA,NA,NA,NA,1,NA,NA,NA,NA,"",5,5,NA,NA,NA,1,NA,NA,NA,597157,2025
"162","H-AB bases loaded","Ben Gill","Fr","P","-","R/R",NA,NA,0,1.1,NA,1,0,0,0,1,NA,5,"5",NA,NA,NA,NA,NA,NA,NA,NA,NA,NA,NA,"",1,2,NA,NA,NA,1,NA,NA,NA,597157,2025
"163","Hits-AB vs rhb","Ben Gill","Fr","P","-","R/R",NA,NA,0,13.2,NA,9,0,0,7,10,NA,57,"44",NA,NA,NA,NA,1,2,1,NA,NA,NA,NA,"",18,10,NA,NA,NA,4,NA,NA,NA,597157,2025
"164","25","Grady Vanidestine","Fr","P","-","R/R",10,NA,6.48,8.1,NA,5,6,6,7,11,NA,37,"29",2,NA,NA,1,2,1,NA,NA,NA,NA,NA,"123",6,7,NA,NA,1,4,NA,NA,NA,597157,2025
"165","Succ-Opp against Leadoff Batter","Grady Vanidestine","Fr","P","-","R/R",NA,NA,0,2,NA,0,0,0,2,2,NA,8,"6",NA,NA,NA,NA,NA,NA,NA,NA,NA,NA,NA,"",2,2,NA,NA,NA,1,NA,NA,NA,597157,2025
"166","Hits-AB with runners ob","Grady Vanidestine","Fr","P","-","R/R",NA,NA,0,3.2,NA,3,0,0,3,5,NA,17,"13",2,NA,NA,1,2,1,NA,NA,NA,NA,NA,"",1,4,NA,NA,NA,1,NA,NA,NA,597157,2025
"167","Hits-AB vs lhb","Grady Vanidestine","Fr","P","-","R/R",NA,NA,0,0.2,NA,0,0,0,0,1,NA,2,"2",NA,NA,NA,NA,NA,NA,NA,NA,NA,NA,NA,"",NA,1,NA,NA,NA,1,NA,NA,NA,597157,2025
"168","Hits-AB w2outs","Grady Vanidestine","Fr","P","-","R/R",NA,NA,NA,NA,NA,1,NA,NA,NA,NA,NA,NA,"9",NA,NA,NA,NA,NA,NA,NA,NA,NA,NA,NA,"",NA,NA,NA,NA,NA,NA,NA,NA,NA,597157,2025
"169","Bases Empty","Grady Vanidestine","Fr","P","-","R/R",NA,NA,0,4.2,NA,2,0,0,4,6,NA,20,"16",NA,NA,NA,NA,NA,NA,NA,NA,NA,NA,NA,"",5,3,NA,NA,NA,3,NA,NA,NA,597157,2025
"170","H-AB scorepos","Grady Vanidestine","Fr","P","-","R/R",NA,NA,0,2,NA,3,0,0,1,3,NA,11,"9",2,NA,NA,1,1,1,NA,NA,NA,NA,NA,"",NA,3,NA,NA,NA,1,NA,NA,NA,597157,2025
"171","H-AB scorepos2","Grady Vanidestine","Fr","P","-","R/R",NA,NA,0,1.1,NA,0,0,0,1,2,NA,5,"4",NA,NA,NA,NA,1,NA,NA,NA,NA,NA,NA,"",NA,2,NA,NA,NA,1,NA,NA,NA,597157,2025
"172","H-AB runners2","Grady Vanidestine","Fr","P","-","R/R",NA,NA,0,1.2,NA,0,0,0,1,2,NA,6,"5",NA,NA,NA,NA,2,NA,NA,NA,NA,NA,NA,"",NA,3,NA,NA,NA,1,NA,NA,NA,597157,2025
"173","H-AB bases loaded","Grady Vanidestine","Fr","P","-","R/R",NA,NA,0,0.2,NA,0,0,0,0,0,NA,2,"2",NA,NA,NA,NA,1,NA,NA,NA,NA,NA,NA,"",NA,2,NA,NA,NA,NA,NA,NA,NA,597157,2025
"174","Hits-AB vs rhb","Grady Vanidestine","Fr","P","-","R/R",NA,NA,0,7.2,NA,5,0,0,7,10,NA,35,"27",2,NA,NA,1,2,1,NA,NA,NA,NA,NA,"",6,6,NA,NA,NA,3,NA,NA,NA,597157,2025
"175","34","Colby Correia","Fr","P","-","R/R",8,1,2.89,9.1,NA,10,5,3,7,9,NA,46,"38",4,NA,NA,NA,NA,NA,NA,NA,NA,NA,1,"191",10,9,1,NA,NA,2,NA,NA,NA,597157,2025
"176","Succ-Opp against Leadoff Batter","Colby Correia","Fr","P","-","R/R",NA,NA,0,3,NA,1,0,0,1,3,NA,11,"10",NA,NA,NA,NA,NA,NA,NA,NA,NA,NA,NA,"",4,2,NA,NA,NA,1,NA,NA,NA,597157,2025
"177","Hits-AB with runners ob","Colby Correia","Fr","P","-","R/R",NA,NA,0,3.2,NA,5,0,0,4,2,NA,21,"17",2,NA,NA,NA,NA,NA,NA,NA,NA,NA,NA,"",4,5,NA,NA,NA,NA,NA,NA,NA,597157,2025
"178","Hits-AB vs lhb","Colby Correia","Fr","P","-","R/R",NA,NA,0,0.2,NA,0,0,0,0,0,NA,2,"2",NA,NA,NA,NA,NA,NA,NA,NA,NA,NA,NA,"",NA,2,NA,NA,NA,NA,NA,NA,NA,597157,2025
"179","Hits-AB w2outs","Colby Correia","Fr","P","-","R/R",NA,NA,NA,NA,NA,4,NA,NA,NA,NA,NA,NA,"13",NA,NA,NA,NA,NA,NA,NA,NA,NA,NA,NA,"",NA,NA,NA,NA,NA,NA,NA,NA,NA,597157,2025
"180","Bases Empty","Colby Correia","Fr","P","-","R/R",NA,NA,0,5.2,NA,5,0,0,3,7,NA,25,"22",2,NA,NA,NA,NA,NA,NA,NA,NA,NA,NA,"",6,4,NA,NA,NA,2,NA,NA,NA,597157,2025
"181","H-AB scorepos","Colby Correia","Fr","P","-","R/R",NA,NA,0,2.1,NA,3,0,0,3,0,NA,13,"10",1,NA,NA,NA,NA,NA,NA,NA,NA,NA,NA,"",3,4,NA,NA,NA,NA,NA,NA,NA,597157,2025
"182","H-AB scorepos2","Colby Correia","Fr","P","-","R/R",NA,NA,0,1.2,NA,2,0,0,3,0,NA,10,"7",1,NA,NA,NA,NA,NA,NA,NA,NA,NA,NA,"",2,3,NA,NA,NA,NA,NA,NA,NA,597157,2025
"183","H-AB runners2","Colby Correia","Fr","P","-","R/R",NA,NA,0,2,NA,2,0,0,3,0,NA,11,"8",1,NA,NA,NA,NA,NA,NA,NA,NA,NA,NA,"",3,3,NA,NA,NA,NA,NA,NA,NA,597157,2025
"184","H-AB bases loaded","Colby Correia","Fr","P","-","R/R",NA,NA,0,0.1,NA,0,0,0,0,0,NA,1,"1",NA,NA,NA,NA,NA,NA,NA,NA,NA,NA,NA,"",1,NA,NA,NA,NA,NA,NA,NA,NA,597157,2025
"185","Hits-AB vs rhb","Colby Correia","Fr","P","-","R/R",NA,NA,0,8.2,NA,9,0,0,7,9,NA,43,"36",4,NA,NA,NA,NA,NA,NA,NA,NA,NA,NA,"",10,7,NA,NA,NA,2,NA,NA,NA,597157,2025
"186","46","Max Jarvie","Fr","UT","-","R/R",12,NA,2.3,15.2,NA,14,6,4,6,16,NA,71,"61",6,NA,NA,NA,1,2,NA,NA,NA,1,1,"221",16,14,NA,NA,NA,3,NA,NA,NA,597157,2025
"187","Succ-Opp against Leadoff Batter","Max Jarvie","Fr","UT","-","R/R",NA,NA,0,3.2,NA,2,0,0,1,4,NA,14,"13",1,NA,NA,NA,NA,NA,NA,NA,NA,NA,NA,"",4,3,NA,NA,NA,2,NA,NA,NA,597157,2025
"188","Hits-AB with runners ob","Max Jarvie","Fr","UT","-","R/R",NA,NA,0,9,NA,9,0,0,2,9,NA,40,"37",4,NA,NA,NA,1,1,NA,NA,NA,NA,NA,"",5,10,NA,NA,NA,1,NA,NA,NA,597157,2025
"189","Hits-AB vs lhb","Max Jarvie","Fr","UT","-","R/R",NA,NA,0,3.1,NA,2,0,0,0,1,NA,14,"13",1,NA,NA,NA,NA,1,NA,NA,NA,NA,NA,"",3,6,NA,NA,NA,NA,NA,NA,NA,597157,2025
"190","Hits-AB w2outs","Max Jarvie","Fr","UT","-","R/R",NA,NA,NA,NA,NA,4,NA,NA,NA,NA,NA,NA,"20",NA,NA,NA,NA,NA,NA,NA,NA,NA,NA,NA,"",NA,NA,NA,NA,NA,NA,NA,NA,NA,597157,2025
"191","Bases Empty","Max Jarvie","Fr","UT","-","R/R",NA,NA,0,6.2,NA,5,0,0,4,7,NA,31,"26",2,NA,NA,NA,NA,1,NA,NA,NA,NA,NA,"",9,4,NA,NA,NA,2,NA,NA,NA,597157,2025
"192","H-AB scorepos","Max Jarvie","Fr","UT","-","R/R",NA,NA,0,6,NA,5,0,0,2,8,NA,27,"24",4,NA,NA,NA,NA,1,NA,NA,NA,NA,NA,"",3,6,NA,NA,NA,1,NA,NA,NA,597157,2025
"193","H-AB scorepos2","Max Jarvie","Fr","UT","-","R/R",NA,NA,0,2.2,NA,3,0,0,0,3,NA,11,"11",2,NA,NA,NA,NA,NA,NA,NA,NA,NA,NA,"",3,2,NA,NA,NA,NA,NA,NA,NA,597157,2025
"194","H-AB runners2","Max Jarvie","Fr","UT","-","R/R",NA,NA,0,4,NA,3,0,0,0,3,NA,15,"15",2,NA,NA,NA,1,NA,NA,NA,NA,NA,NA,"",5,4,NA,NA,NA,NA,NA,NA,NA,597157,2025
"195","H-AB bases loaded","Max Jarvie","Fr","UT","-","R/R",NA,NA,0,0.2,NA,2,0,0,0,1,NA,3,"3",2,NA,NA,NA,NA,NA,NA,NA,NA,NA,NA,"",NA,NA,NA,NA,NA,NA,NA,NA,NA,597157,2025
"196","Hits-AB vs rhb","Max Jarvie","Fr","UT","-","R/R",NA,NA,0,11.2,NA,11,0,0,5,15,NA,54,"48",4,NA,NA,NA,1,1,NA,NA,NA,NA,NA,"",10,8,NA,NA,NA,3,NA,NA,NA,597157,2025
"197","-","Totals","-","-","-","-",NA,NA,3.13,434,7,368,181,151,155,402,7,NA,"1,610",70,10,7,17,20,63,1,NA,NA,15,20,"6,251",430,401,NA,NA,9,130,5,NA,NA,597157,2025
"198","Succ-Opp against Leadoff Batter","Totals","-","-","-","-",NA,NA,NA,NA,NA,NA,NA,NA,NA,NA,NA,NA,"",NA,NA,NA,NA,NA,NA,NA,NA,NA,NA,NA,"",NA,NA,NA,NA,NA,NA,NA,NA,NA,597157,2025
"199","Hits-AB with runners ob","Totals","-","-","-","-",NA,NA,NA,NA,NA,178,NA,NA,NA,NA,NA,NA,"752",NA,NA,NA,NA,NA,NA,NA,NA,NA,NA,NA,"",NA,NA,NA,NA,NA,NA,NA,NA,NA,597157,2025
"200","Hits-AB vs lhb","Totals","-","-","-","-",NA,NA,NA,NA,NA,71,NA,NA,NA,NA,NA,NA,"285",NA,NA,NA,NA,NA,NA,NA,NA,NA,NA,NA,"",NA,NA,NA,NA,NA,NA,NA,NA,NA,597157,2025
"201","Hits-AB w2outs","Totals","-","-","-","-",NA,NA,NA,NA,NA,107,NA,NA,NA,NA,NA,NA,"511",NA,NA,NA,NA,NA,NA,NA,NA,NA,NA,NA,"",NA,NA,NA,NA,NA,NA,NA,NA,NA,597157,2025
"202","Bases Empty","Totals","-","-","-","-",NA,NA,0,215.2,NA,190,0,0,83,210,NA,968,"858",36,4,NA,13,2,27,NA,NA,NA,NA,NA,"",239,197,NA,NA,NA,75,NA,NA,NA,597157,2025
"203","H-AB scorepos","Totals","-","-","-","-",NA,NA,0,124.2,NA,105,0,0,42,121,NA,533,"463",21,5,7,2,11,20,1,NA,NA,NA,NA,"",93,120,NA,NA,NA,35,NA,NA,NA,597157,2025
"204","H-AB scorepos2","Totals","-","-","-","-",NA,NA,0,54.2,NA,44,0,0,25,56,NA,241,"211",12,2,1,NA,5,5,1,NA,NA,NA,NA,"",47,54,NA,NA,NA,15,NA,NA,NA,597157,2025
"205","H-AB runners2","Totals","-","-","-","-",NA,NA,0,83.2,NA,65,0,0,32,78,NA,363,"321",16,2,1,1,8,10,1,NA,NA,NA,NA,"",76,83,NA,NA,NA,24,NA,NA,NA,597157,2025
"206","H-AB bases loaded","Totals","-","-","-","-",NA,NA,0,18,NA,13,0,0,2,20,NA,67,"62",4,NA,NA,NA,1,2,NA,NA,NA,NA,NA,"",13,12,NA,NA,NA,7,NA,NA,NA,597157,2025
"207","Hits-AB vs rhb","Totals","-","-","-","-",NA,NA,0,350.1,NA,283,0,0,124,346,NA,NA,"1,323",54,6,7,12,15,53,1,NA,NA,NA,NA,"",329,303,NA,NA,NA,109,NA,NA,NA,597157,2025
"208","-","Opponent Totals","-","-","-","-",NA,NA,10.25,410.3,3,599,550,468,230,291,NA,NA,"1,773",110,15,6,74,63,152,2,NA,NA,7,54,"7,015",341,545,NA,NA,1,77,43,NA,NA,597157,2025
